,ca_au,ca_nz,ca_uk,ca_us,au_nz,au_uk,au_us,nz_uk,nz_us,uk_us,mixed_ca,mixed_au,mixed_nz,mixed_uk,mixed_us,za_mixed,za_ca,za_au,za_nz,za_uk,za_us,base_mixed,base_ca,base_au,base_nz,base_uk,base_us,base_za
0,4.272699573256837,8.305392886508095,3.3506455975028815,4.257092019710984,6.641225268933719,3.708892205162751,0.8084452001156953,4.97080298101777,5.900593900830351,3.1050319831672897,7.4182087533963745,3.236806768124997,7.241465499875172,6.362392882261205,3.5334926476601902,8.068844411171964,4.280633168386552,5.528337263338589,4.956718389140126,1.821992482762216,4.899463804345211,24.749294471772888,25.40797176762892,25.30302435122902,25.191678892383162,25.074212765816885,25.433667566581374,25.249758094423616
1,4.842327769646192,5.802151278336671,8.03439887056257,7.732614124185117,3.581062681218888,4.257094425676283,3.837244222635946,2.642525657995322,7.093891919243513,6.599685468507912,3.4080359304081496,1.8188218653515738,3.70165642316127,5.217617889540451,4.993974389159003,3.3246016963680796,5.478302466887071,3.0598982072989953,6.506126506332268,6.991449615417722,2.5468953354715396,23.516204440028723,24.20607632396923,24.692040563750002,24.4163393096989,25.019710923548214,25.07229451203866,24.13651772057102
2,9.060752190682265,7.0675484119815914,5.070524829784414,5.964041717768226,6.189395438393618,5.571857911851935,4.036760454093851,7.657179161175709,6.88194425606406,1.5497651565786668,4.747625696204856,5.232306625488311,2.911457303474198,4.871336053240174,4.364609651916978,2.0912953809477366,3.415279910015159,5.7477644254756255,4.822732442035256,3.3072399472721807,3.3155441273276804,26.72715215345067,26.355061078845846,27.576333112953566,26.637942040747483,26.811887157687135,26.749728651536078,25.885422217072932
3,6.492721899131622,8.408729331689502,6.938485079383055,4.558823121705709,3.5062067956194145,2.5118091512540355,5.212473645512332,5.87720692457977,5.035005103085266,7.172795486305619,4.562000995959731,5.096206391746841,8.390437994415253,3.981434773746647,7.097222540744273,5.96667973925923,2.9480525335009866,5.2191170165548915,6.006092153107472,6.658052451458654,1.7479738752113856,25.505711107145537,26.29484735921984,26.095125572664003,26.581493976681205,26.757732168440125,25.824308950087715,26.434538667613122
4,6.267254726269343,4.1561493876532944,4.194909693289119,4.826736337511868,6.209829916834037,3.7500965677405462,5.740557002214776,2.4683771976778472,8.128413649843216,6.685221088145403,4.903680317616941,2.9351970996541974,3.5213394601501697,1.3401096902515794,6.728419782472299,6.013762606902707,1.1993402849618053,7.321144168199993,5.075257267963243,5.356457079890935,5.07412937028712,24.060051906335012,24.54449995987338,24.72261909314098,25.150201861447155,24.93582729295539,25.107595879008834,24.297220518490164
5,4.676866413183412,1.090482409253968,5.8039877560016775,3.442195704467256,4.772250088246881,4.956575347056308,5.476788420983448,4.960499956341239,4.524040733359331,8.633283454474055,6.649970310495573,2.807268284894662,7.080404413252808,7.621236684503778,5.925224972952897,4.680393896587307,3.7791108365425643,1.879026107110119,3.476333021621777,3.390360295457132,5.77028302999118,27.6952369290637,26.94901241814244,27.214729070927433,26.953420947037166,28.537976195814057,27.178910643509347,27.058157837240532
6,7.503876576093613,5.916384086433448,6.044012627124318,7.20394678464462,3.7582238316944334,3.4324226027742872,5.670888282433248,5.547980218748135,2.3406349323925406,7.818029952823156,1.8936917958916106,6.223647339784601,4.10199541928673,5.624619635599713,5.315036018337105,1.1163719542856871,2.9127074344390476,5.607931429677534,3.2988506712773376,5.582661064314194,4.393365100403839,25.44113383334513,25.645330047694394,26.39484594926563,25.06828910814537,26.081662408324128,25.670862441220528,25.946512338912235
7,5.863490151636825,4.494765899937642,2.2219816523740317,3.951188313107014,7.86438192960645,5.323431426617226,7.515906507918695,3.076541998922578,8.252189153276323,5.816364628440391,1.1979601344563156,5.196760554612554,3.8019348891575864,1.1134252751115936,4.911368362341707,3.754054810781297,2.5778452041560236,7.947460445021049,6.335080598442441,4.655881580205744,2.6520974785125726,26.470521897501104,26.16623144586571,27.34795624992045,26.531018846853115,27.044473307648392,27.59696436747567,26.15394301149034
8,5.677090548655378,4.93970314188219,7.28871428097684,3.443379266461978,4.55552546597861,3.176911469061535,5.035837826266695,3.559191267057726,6.971758186476741,7.836281361733889,2.263169167731555,5.966013965350587,3.4470619692684266,6.535341838917638,5.480177106680414,2.6547132346614237,4.903457008948124,7.014110961295512,2.857562018700541,6.29402340371882,7.95024682212657,24.695827462545402,24.314597057449607,25.4538306106707,24.64176936788975,25.785593887263193,24.68291916939361,25.13836687665426
9,2.7277417092615592,6.401867882195893,2.6492685904072637,5.593406298037254,5.8782431739601915,3.187147952094297,7.88769058520736,8.39591884187426,8.362755930097888,6.9076845395153095,2.6869338136115353,0.4250978718071994,5.517728047585214,3.348092766967239,7.658049863602451,3.7576869419528243,1.6023016977007898,3.900849395606429,6.707967713345482,3.0868176278539146,4.138461097828443,24.47939072973759,23.448830039241134,24.34343738113742,24.459868711473707,25.064600489146365,25.4409081395687,24.393504206846885
10,4.625099378206343,3.512540478926161,4.336134002517922,6.253785549762233,4.014512232245813,4.382060464116228,3.7197565948047115,0.8293585736627963,7.271656752026047,7.7929454087403975,2.396619281853031,2.9282519325765084,3.7207003778181496,4.424850284931121,4.213931515619174,4.663607492655453,3.5652064475335417,7.496546618829209,6.803752749548064,7.575470974255462,7.585794071466097,26.558086603499547,25.19135640205489,26.472662119901173,26.711410699922858,27.165771768362685,26.861255930304857,25.852499702903984
11,6.4522290504904944,5.799181099537133,5.287654647925787,7.660726854831158,1.0736741566248615,4.968652130854864,5.952017902685361,5.2143127452049125,6.603052988369462,2.7186177224601744,2.879560432959386,3.7712037131814813,2.9779485133029655,4.69952320770362,6.911911046294445,4.379162260517569,2.8386102335453405,6.841863726180506,6.590829347575502,3.51183757758448,5.649826682011422,24.993167813250196,24.654301476254314,25.120351151583147,25.241248536493792,25.829008971375384,25.17205971359998,24.86950577278366
12,1.914077879573557,5.568712715797623,7.073055936088449,6.592755938268295,3.905692876564256,5.557517472660024,5.879133408253497,1.7831963516007774,4.212281280878678,3.6895685258416986,5.776218958423698,5.122342926475332,3.8190422625571343,3.6301383807532206,0.8684015586408453,3.869951175360255,5.78017145331531,6.328697322695587,7.166078472315372,7.436255983316754,4.188646111583348,25.671860619104304,25.553860840244056,26.120512726255832,26.0896081539909,26.0917030553772,26.10151089038597,25.83172753172787
13,3.7058066479015572,6.795223128581367,7.048201190179049,2.3952141265378297,5.640861920506331,4.012671820492619,3.6181801705453576,8.19855196888419,8.3170635044986,5.783613294871215,0.7118785659028319,3.9233748164482543,6.8647495289164695,7.4665779914632715,2.7952073815182787,1.0275766188749489,0.8662408725828801,3.395615436808719,5.952210680070559,6.983344534633736,3.0354603818880475,24.965381829419933,24.37868950537789,25.604476494963173,24.824385833788725,25.276443410648117,24.592137338751172,24.45203846279986
14,1.8673157132564697,1.469477754247118,4.862722401929969,8.160918933453656,0.8716502704563298,4.107797961438645,6.30411645189625,4.015368793919412,6.841791131438232,6.904580562691808,5.338367102909024,4.738915951103213,5.145579583469744,8.698093409663961,7.122790094126825,2.9113543028110382,3.8372722473698655,2.3951659544113055,3.037278902134626,5.92990526979662,5.095158572560416,24.076300554591498,23.697257865964897,23.592817852445517,24.22198556609808,24.204581297444467,24.98620823069386,23.636546644724554
15,3.9991996701650994,6.849571740859233,5.222323947273071,2.4883896231323837,4.133086872775986,6.601659526460804,2.7555888816926117,6.15971258714353,6.657266569277838,6.893864836411913,1.767638106350725,5.657141184918192,8.007781345842877,4.792819138137488,4.078579309132182,5.294503407310016,3.6175831512181102,2.967857151606753,6.982000893760663,8.215088116825434,1.8495975596434089,26.154621257121445,25.808100394567365,26.05374233084962,25.620022544214414,26.777045608896454,26.80225280864415,25.670554905173084
16,6.02304323339524,7.259394260807154,2.520237080071915,5.288298989943451,1.3870523668751629,6.002229928058112,5.290113677217784,6.9202098335705164,6.422788892241634,7.042018171737424,4.795947186138831,3.0575258871778725,4.320094955494846,6.030578994027785,2.430762307052039,3.045304932192148,4.700429760514934,6.048789753143829,7.313647401082498,6.8307238250234965,1.455951545125242,26.126896519200834,26.5530092329706,26.418870453393282,26.977168295041906,27.4260183217602,27.37295461055417,26.62483759999865
17,3.904396801367434,4.586100759654365,7.272615358908941,1.5488514879893787,5.2754792981446865,3.3977707154693304,3.2765593738529604,7.71350718183163,3.9461327585068977,6.628778240930947,2.8916890893106975,5.303096211480481,7.443884885759202,8.33749014369042,3.780340583868379,8.001912384654082,5.1335704975610374,5.242154923591451,1.1740376370609087,7.301965143207637,4.600554367384567,27.95929907083579,27.304573893155005,28.074346739569556,27.770042306957247,28.587102900932848,28.501042202201013,27.084788208834354
18,4.852790625935661,7.005741099771106,2.6149832469155765,3.8789277669078883,6.626356341185442,4.509655628377916,1.7646750681843069,4.506336402330274,5.111690283740329,2.854883792528147,2.3631827712194826,4.016550721752892,8.451391435805581,4.336144673301478,3.984413031703522,5.9379459887825865,3.6059441941113777,7.621374568226099,6.383515007104178,3.285973911415768,6.085127257574472,26.664306169093855,26.194418423235582,27.19210843363474,26.453166827048197,26.669273641056225,26.838295241615356,26.572853666754643
19,5.224983358674434,8.364361562736361,4.420873675784862,4.295167219542437,7.134136200256247,1.866505593140415,2.584862110331046,5.767580515902921,9.230394461537253,3.587034646895115,1.744965010056495,4.852122388733716,6.68438379244912,3.524619407657437,4.837057288662788,2.2323176787877697,2.7790496942960417,7.073636641929997,7.536620379750706,5.696130362991786,6.853271975831456,26.928684491754208,26.75490860205894,26.902735525117585,27.128844212668696,27.372908466190434,26.94314133307836,26.97244572190853
20,5.562898109587417,3.736465846684778,2.8976153534694697,5.816899634888298,8.650604716160297,4.729804660898789,6.540071406386781,4.275474559516229,9.247651578470533,7.661895561928128,5.29450942490199,2.874397754154549,7.2501229468266315,3.0974399304418783,8.45344767471877,1.9703737320653196,3.3665446277958004,2.963622054155432,5.815450611224843,1.7751805405861942,6.911283735379014,26.32105849437504,25.048479213343512,25.61943109478259,25.950650784380656,26.39475515558601,26.02777338701461,25.87100142871756
21,7.575545965333828,4.032494812927703,5.368193089967573,4.18518006400671,4.057514572036603,5.389571965219091,9.149083780780469,5.119002739330332,7.009618276373439,4.388768111591981,2.8518074167377643,4.923518769805373,1.2000152791087066,4.678877610058838,5.928988007363988,2.8819863068489178,3.0427145708704413,7.390976725029489,3.373113678039284,7.328792573809083,7.193402555591296,28.05607319513242,28.50342369703173,29.012295788729038,27.927028259377995,28.621323647496826,29.15490451685369,27.93124176492255
22,7.454576486852951,2.0145723251475784,5.799078285651929,3.6616779453347053,7.651686062984734,6.074620821285044,7.066155116853927,7.403354886040926,5.53800644514246,2.542978752319624,4.624673100380529,3.310316395453751,5.494656249260131,3.5119710524295846,3.8261188089003384,4.787625020603993,5.504201232536607,7.73606670166401,7.366684621683001,1.8717372069823328,1.85502603366843,27.10067601071908,26.611873967160513,27.150607121394074,26.13921718247444,26.772152141748872,26.853299805798628,26.989770827260614
23,6.261431567271031,7.699080513084888,6.767422078267612,4.577760376926454,2.268854985071621,1.1601572745476307,4.971566211419798,2.5529724594443337,7.127435899693178,4.919433714993383,2.2668167861940365,4.067222112929799,5.649468561588433,4.5042413578866345,3.3586981401855796,7.036057429628437,8.689338626820703,6.174675417275108,8.07478631900889,5.579889148172198,4.17675706587686,26.273664874011278,26.681585721440744,27.045065061940292,26.81427437450172,26.21077259491881,26.46447607995501,26.783185445945612
24,6.086115790994191,5.685440343391401,6.969282787354716,1.4971052263885756,6.010086343669914,4.16379927212513,6.897762684288599,3.0677498750066166,5.010557752550251,6.915863033852924,1.9641251972651628,4.2753095017803275,5.391805208860192,5.782097834527103,3.103166726803183,5.776052560004094,5.32140354315144,7.706538478851397,2.270511958782202,5.27137077690375,4.158729756220519,26.143398302334173,25.649272037054843,25.8432884451512,25.521381175181507,26.2486972608194,25.44339144369537,25.79926399972492
25,6.502188431225619,1.6224519256310608,4.224641435228035,3.2174891431219383,6.185279908904836,7.552616540111411,5.560247949149617,2.6923349282477043,1.6882397778290648,2.081140952587803,1.3599804456739937,7.710989060119283,1.9567356648261083,3.894784546467047,3.5585607625978706,5.02343530641003,4.440464578130424,7.948262288985794,5.9198960741256546,8.495335458102517,7.198195885486169,24.80863410705663,24.516369123236004,26.039820640403708,24.83057874584275,25.444230561872757,25.529350139706672,26.008324762655338
26,5.403574227912064,5.9993535403239555,7.7223701569028425,7.52568730775551,4.5603781963430166,3.663353717290503,7.989260629742085,3.1670288251346688,3.6699842059794863,6.32194483372526,4.730272240778808,6.554457913461647,3.4269029985109922,6.328864959036669,2.8654700316809296,2.3981370361473613,2.747669559828374,5.039119927007463,3.591474851119162,6.059214198985383,4.978801714330887,23.44051809443898,23.495888178834313,23.67961193408158,22.68649621822302,23.95818684206631,23.70861627252361,22.52627306695024
27,7.354516892463203,1.973669617799039,7.364070897355296,6.170378225483082,6.003905610928216,7.751677166296899,2.248661370954248,5.645313985052317,4.458204892442603,5.5445425713894005,4.745875202067968,2.634132140996222,3.396701828455477,6.4690873086070555,1.864830491388043,3.001848534697058,1.8976902341207689,5.542107322812529,1.7583607719370742,7.207026385346383,4.637199614958437,25.28706341619388,24.53791163462643,26.0041025959836,25.0366759269704,25.843145320613946,25.808607065625033,24.85327148339543
28,7.471248619593753,6.042407225591682,8.506108980904383,8.43214844690221,5.480787561817954,6.036836074534421,1.3682769096287408,2.542073646825242,6.727159558690171,7.0639293266960514,5.644564502581512,1.968343729978133,5.03941279640664,6.403272976020253,2.984396644956797,4.441887962267493,6.715123098041097,4.3652467637590755,1.8047170782363462,2.264298095940242,5.43879111905325,27.273843605552727,25.797066943716388,27.404293985285616,26.762672060973514,26.964811214525024,27.201841959211418,25.992165601675826
29,5.178674706393125,8.186683989967175,5.415823765166585,5.639633490669982,3.3627490453903732,0.9577468848923537,5.752463287505399,3.6973363961099732,6.477194978056169,6.1472901014527865,2.765046478708878,2.7537353267804288,5.9719233642625875,2.7373651406652924,5.453567244780258,5.582254953364517,5.68880363985517,5.636771113830376,6.214839404489204,6.181713666601648,1.07203828221656,23.98734187909716,23.105677649723315,23.434430447489316,23.666363640752717,24.30790529570941,24.276385335852158,23.253594067143364
30,5.932627612241545,6.138642446684092,3.2696067105723823,3.7297384497179,6.142522985507756,2.719710235639812,3.734404063491941,5.301259527341104,7.632916320318111,2.4497686069259985,1.7262225398516071,7.625300194328537,7.103315102068691,4.927585351769736,5.20754606103525,4.035239320453557,3.7114677705965677,7.040004367135343,3.4537365718367767,4.88622629597802,6.691644299256559,28.847839917763775,28.603722712125453,29.84459227247292,29.107260266301292,29.517583870361804,29.13665293540192,28.745769175617163
31,6.2502398641042225,2.3714116317570095,3.368815490635501,3.869795052148482,3.895691558500753,3.2852538690006345,8.706374307871126,1.2306540757200475,5.253089200820728,5.484075969529512,4.197486950260935,6.952877942896021,4.571053067380981,5.55803961746344,7.776862776334198,8.598302045935629,5.69517793335767,4.032220041603961,4.060604560005264,3.2253978393639255,6.370185073902846,24.161438904829335,23.50709214499815,23.85153246439231,23.634920219984206,24.290200574208086,25.19627899932648,23.577827552889495
32,7.373181615754387,6.155970940637714,3.9847402594120864,4.030459856684928,4.833835339701407,4.5587274024956415,7.870504042162939,2.3184326012705085,4.303948149248467,3.367895357796211,1.530781811587101,7.74060921080833,7.3508725357131794,5.115249653063534,5.556998052786784,7.339390909292574,5.822431571135995,7.977063741149033,3.54662616352565,3.826430438831682,2.0027987358671777,25.363105627051556,25.236946431595157,26.39880766642134,24.841185393019433,25.26046189073006,25.69618323899588,25.460567008916446
33,4.956161702584952,3.9261589319827706,3.99025411418139,3.9998442600978565,6.327942240913369,5.2952596468088275,7.940683622939744,1.5829429128717185,7.314474695249303,7.427505609627405,4.349519700271474,2.701181949009542,7.273796316002038,6.53612274838541,6.136527931925628,5.326955114554731,1.6712812022263825,5.118893818276588,2.344641360608196,2.407020573013883,5.20374989065009,26.720721478741112,25.81123703218662,26.822339927321522,26.116483652124643,27.149823962852455,27.501963005142514,26.27401254069735
34,8.71940720250885,6.769889472167537,7.068132674358566,6.8470355252781365,2.0432967709827725,3.5211540440469,6.950495320320454,2.3719147888975685,6.333934505434527,8.344641713706624,3.5259567025405936,5.368948733849087,3.4514125595643956,3.753912864108879,5.987149194146721,2.0309976678520294,4.709733373660243,5.377338909928256,3.4954838084984874,2.5528995758630364,7.851004995608171,26.5256252879008,25.915307523600497,26.75595745739188,26.043604691288632,26.824960688147335,26.94619686227861,26.316154215986536
35,8.153009400756906,6.495411539933885,3.82271791849586,2.094383904701814,6.824801925674428,5.880056310808171,6.280567972369192,3.508595484974605,4.995752924508823,1.9599905517901044,5.148498373322316,5.520942102372548,8.66235766081621,5.96716348668889,4.606582001539942,4.901264913543662,3.531218238959473,5.178861012466826,3.8513529757704266,1.8092496325100509,1.6990435522892888,24.22932359975052,24.826123436790198,24.641523357723045,24.6046688421576,25.736683270215348,24.98849868060167,24.078849620774278
36,4.8179747759725915,5.317637815252218,3.596685401779003,2.8871796162906493,1.956636500692306,3.2711387453460885,5.618073593873348,2.3651162282175404,6.9183085100962805,5.947894215495789,1.987560720236078,6.424527365206375,6.478128626342071,4.354984636434609,4.359697471903928,7.57166269986727,5.693923247702069,4.565974778894814,6.492247553169913,6.912290543027889,3.917568311098273,24.375388986350742,24.78770737517151,24.90384091690763,24.95574771011739,25.028132275300234,24.7779242669678,25.003558199963482
37,4.271662544528075,6.907249886442421,5.423630516472076,1.8984600126537394,2.8768275667220307,2.405062622510373,5.157928738883338,2.0442571872072786,7.3807977414486405,5.591511186357167,7.150450230237961,7.246452737501742,7.225890202447004,5.412691413464758,5.940750877969617,6.747331686070739,3.214516185631824,1.093164464086655,3.751633683332475,2.6869243080737406,4.085171468550684,28.039541044463434,27.11590011609445,27.551380054500534,28.00855175450448,27.699287445487844,28.044864138152075,27.415318641384584
38,5.044786357265306,9.116337683178422,4.511995280182996,5.999472018900598,4.312503038885283,1.4423982175559507,4.449586229705346,5.218082977512133,6.232295732545836,5.594783890327574,3.8502889194854055,2.30282707696311,6.027669245692468,1.002583961955264,5.979690015360615,7.330438345249868,6.691652176382502,5.984895261232322,7.607587691701745,7.049976751266943,1.5790887912499083,28.076227700970318,27.969894476978666,28.75475025339007,28.229673872432077,28.559610376723604,28.2661038100927,28.06290014248425
39,7.034393486341082,3.30155468057203,6.727626717890903,5.892790343801003,5.409517886517341,0.8508282344357178,7.520509708723624,5.480267235124367,7.990944624687974,6.742881703723051,3.086228251692419,4.670122213552444,0.9619678247362795,4.654502228787568,7.162777864895255,2.716286306234097,2.9978726443895116,4.412928662161924,3.6150829238259776,3.932926366763872,4.4915283341706225,28.028050891921193,27.835463506575216,28.582039639896138,28.064583541569053,28.813470769587198,29.058027936230953,28.174722285835223
40,4.311366235146766,7.584280435216254,5.58797177746383,6.7531976685634865,3.585459413740284,2.100284900640526,7.262310195302382,2.737504297243703,7.706865526852576,6.585633013223305,2.190640790927714,3.1527215872885725,6.735372449499735,4.766587337989173,8.094728925359831,3.761624830714942,4.146544582863643,1.4928462809645016,3.5030254585925413,2.3727976363743304,6.032071900983258,26.284263978923263,25.612434505113455,26.22274510078838,26.56143116692106,27.615092992157404,26.5869418340668,25.422692518890347
41,5.787118578160115,5.697976102104359,5.963693080711857,3.363844494241783,4.639168714288154,8.099346967214759,3.4324862958786335,3.9491041860264446,2.6227409991609814,4.89425191222065,1.9913488820229934,7.009526930856112,7.355020861091751,7.336902065905487,5.008707731865543,4.398794560478715,3.0020511830707166,6.979849100930034,4.559731372162519,3.1404774807733538,3.594785804016188,26.49873922016413,25.194786271930617,25.48863820292985,25.76958735280776,26.248240199597856,25.371709250075483,25.329245600086356
42,5.318835538126747,7.119312163268951,8.324122821475264,7.623351213773955,3.0214229989133354,3.184572719386868,5.707980151158996,4.362983257584694,8.587082371389936,5.446885799165281,4.323378586837177,1.115353598481879,3.686662704069694,4.086508198122699,5.641277024950705,0.551695469955233,3.9653929497933578,1.634856204450668,3.937102290991244,4.533069162775967,5.8412769078244775,27.196894080987033,27.689802899811326,27.701857906281735,27.769936100603108,27.943685760198576,28.62163104486748,26.81579556268794
43,4.650798097017515,7.275492543215941,2.8708071172375123,3.2654620702358494,6.27593860672605,1.7976411438382034,7.566147389005964,6.43828836465908,8.047782825919612,5.8734549990702805,4.045115579398752,1.844307410833559,7.806383788306234,1.6795294629247308,7.210762400830451,2.091241883207824,3.8049602102313176,1.1617081473390949,5.805679864055449,1.2604130094470816,6.710830859023839,26.442961062855815,26.100713163974465,26.530221770384145,26.827530385183533,26.396500250409446,27.244816204916493,25.803550443673913
44,3.99861963948854,7.224489915138602,3.5276063668707516,4.136876090437469,5.46314634541023,1.0459585490935677,6.704234165900607,4.7419360635695265,6.497257834291697,5.756718744617271,3.9147955204236893,6.745580878768466,7.2835849143559495,5.926639140311659,1.6523502188607369,5.901487550029327,2.2113764652475325,4.374994181338589,8.864037506343514,4.425825640754757,6.296598430714675,23.977017502825063,24.775730957470486,24.312751488169493,25.6625809985459,24.553866894842418,25.401320614863717,24.802502354226633
45,4.480557647475324,6.829354558455849,4.792765213206067,3.7144010977050357,6.462506336814775,0.38494437903556117,7.844742723632801,6.771620428190205,7.978631468319594,8.174825655434411,2.949933232632886,3.2172947620733607,7.830122236161553,3.363823184065661,5.728489557588979,5.856769611353787,3.865207753327222,5.7235234658054,3.495641443046244,6.106821474672573,4.766278450133562,26.972561760356708,25.20703512485673,26.245920398266296,27.35824545244705,26.317913941168175,26.83185101270739,25.798831825021452
46,4.052940140205159,5.445356905730268,2.251206168949503,4.335375994548082,6.974824776779273,2.280825600195383,7.8881888998827225,5.084462224121815,8.740892337112438,6.498848026082886,2.8877572873271142,1.709859362380969,7.116628671678162,2.1577996538895308,6.295390315234722,5.967495841876652,3.350190483599188,6.628449986880783,3.2594776527849483,4.429991012142937,5.612971645718214,22.93877261375053,22.99901474863209,23.22375921490943,23.1201596558223,23.3452059359386,23.989414433221857,22.75829738660024
47,3.373683450906983,7.285141478541485,7.8413209581730845,5.143289692347508,4.290069694609051,5.216621761175848,2.1869943000013814,1.4157900964000454,4.490410543965733,5.773967301602644,7.389391865131766,4.853438979372552,6.252154866529257,7.609001638901606,2.7271987021754995,2.790044376366488,6.71648131746033,3.4937568506794703,3.4760400635370705,4.822644196095401,1.9738778957043694,25.456913293610473,25.416318838429635,25.805408994836704,26.384997062381164,26.350454232934283,25.873685281803365,25.504374779648384
48,6.609617162286138,5.111162628481112,3.7967037916740383,4.427209508575843,7.297371522888725,3.9405851902278006,4.096285510335304,7.168616024207627,7.921091267699165,1.4925090736030735,2.6953814568752397,5.016851677322984,3.2619694317083545,4.071864674935426,4.683435766885546,5.794084232110567,3.155968129522261,9.017038201453955,8.03514847394635,5.409948559540257,5.628435960569986,26.308335106243018,25.871717750039995,27.01828617890377,25.74381704754067,25.953061046891392,27.39235186239548,26.567066908798566
49,8.19875421287206,6.661839390893087,7.4955274737053035,1.8630068540141735,5.4988578290170995,8.617427904430679,6.351020185328769,3.404651517047591,5.520510713236738,7.032518758892924,5.683520864557325,6.3949365815093895,1.41221772347225,2.7204607191415837,4.840429149538591,2.8659685594786404,3.0887993607729785,7.580779159104869,4.120625545570061,4.455893471270753,3.031831966128672,26.204874528978074,26.4473797828222,27.13728109128948,26.06793177167923,27.612793993804182,26.57862802617495,26.265917825310357
50,5.699439847850215,2.2835331965728543,7.0052094297807965,5.071800765176386,5.210262916062201,3.438572342843856,5.138250288845346,5.537541793413178,6.51446085091681,8.309928273766907,5.68865061737612,2.840934688024953,6.309677289890913,6.098266018222946,2.8193702311956104,4.826694004558525,1.2440791927772386,4.493888057445021,1.8447240286345332,5.830894769921226,4.773755064385543,26.18016517905499,25.805674129937742,27.01921495180198,26.696690067675803,26.779785109328955,26.566319835124695,26.00101274028055
51,5.5246397800271225,6.506155171588797,8.348559002895625,5.159122431462059,2.661833189682565,5.499773039199122,4.4884411797540595,3.0169963117526946,3.404209277339575,3.5972058123444457,2.526840917694116,3.7815235389063404,4.159791994358277,5.853248244530939,2.782632546380271,5.61296201667805,6.735168712035725,8.644371083097571,7.263938819332033,6.365685481034687,4.471407938149429,26.948212509301023,26.79075865131316,27.77625056128533,26.74487792758523,27.245625236939567,27.678660172031318,26.24712597533137
52,6.922933821651766,7.05143224982786,5.188000157828534,0.8775448778460699,7.796983177850517,4.335262707693469,7.6053742253639935,3.810515612545624,6.816379453124368,5.42569057464975,2.1298865509239913,4.808846242373403,6.595818150580452,3.8658877647112435,2.8553560447681376,3.0060512265250052,2.983996329126845,6.425187897792008,4.096044971697468,3.012394627406499,2.825220329261691,22.837885910283255,23.08205911612202,23.67034200258711,23.263991368217166,23.974774040854104,23.079252085084843,23.20947814832752
53,6.0709148160659065,5.62777106657849,4.115527334199888,3.426547487938076,2.853844212697643,2.2907279160037475,4.513747835205038,3.713920433531265,5.758022837166018,2.276187943588787,5.3631748733643345,7.078785872760896,4.70712023352228,6.752548255285501,7.783969750924428,6.135944237722914,1.0159320967278187,6.887427164873031,6.62431275861842,4.807046830311712,3.664651059005546,27.132487941560058,26.76866413182124,27.66463146438683,26.484044920441313,27.363237511554946,27.480241238105155,27.094566194552147
54,7.2329799768079885,7.510112104656499,4.890312030837127,2.5351917772832624,7.322886954530934,7.641183394897408,8.39668663495815,3.186587870602822,6.563814468363137,3.4569298505018056,3.14584234892206,4.181414329975206,5.937314635616477,4.55101979804515,4.353219439339622,3.3653787836376132,4.56582259978599,6.184899124842531,2.9550754225539437,1.503627390473945,3.9062662749396897,24.505069084284244,24.077044327309363,25.78652185694769,24.532453661002346,24.498267263296782,25.08031329312006,24.252168452208416
55,7.055615975588093,6.551091733860131,7.036812532546119,2.284639598281266,5.920247240880552,1.422473530172132,4.845192711672629,7.110761573218893,5.006164943701338,5.025052005535413,3.319004794049136,4.086634600328274,4.234667277029438,4.516914034086963,1.1775491006773358,4.314164542020288,3.6699824821409663,6.138074487746026,8.541916223335093,5.430084757270302,3.6911039544824575,26.882033315082857,27.61992866347832,27.69277235260881,27.35187074033305,27.935895544918594,27.482538351422384,27.104525371489405
56,4.231232330743401,5.718967858913395,3.2015323632722703,4.794122889847523,7.174844123379572,4.330002612357534,8.913947763456942,3.324058615237889,8.341231634549699,7.007760837313886,2.762711430444653,4.021443385109814,8.319812198542472,5.501695435040717,5.89361543712807,4.579974781454031,1.896703191943081,4.72349602518872,3.82548615138139,1.8114592458007717,5.524409108898184,23.529698911680175,23.57566823653409,24.212572828548385,24.067578894762658,24.79308277738478,24.526195087690375,23.648640022086273
57,3.4673183945755133,7.402128796309831,1.9476789888952368,5.895936504234815,5.996712492060551,4.07082604193711,7.379023799246276,6.410682178271855,5.732947283342763,4.189035475385277,5.248007130007718,2.2402689065094785,4.328883452563532,5.167928696560314,7.365376370002326,5.9112845478807605,5.224799314454164,6.118052752456399,4.439636485507853,3.528900916045414,1.4926680197838271,26.090538546721127,25.237925272853282,25.70054333110919,25.614571139484855,26.166900399566796,26.24885493494012,26.14726111798376
58,6.736319043683027,5.339229231525252,2.8899610022327415,7.911508785554114,2.4593892224594898,4.7273132136058456,4.635924878020499,2.7120509236673715,6.515097736501359,7.4835138200666185,6.154505323793953,2.099310099953598,3.7400084266354456,5.006762338597576,2.7802162498675225,5.956074837198976,5.373420852544621,7.837871044093454,8.125121150931326,7.058267961152817,5.507810058689735,23.288197938624233,23.678779209468043,23.194782427131223,23.59467859581796,23.889792145457445,23.662529337897645,24.186865951006535
59,7.024875685358285,6.760066401411429,5.805535276618862,1.7507968410342694,6.761010078611837,3.6387741018420177,5.653186337001331,3.1598353246246065,7.051176391136995,5.294214278393121,4.920551922386796,8.553069600331078,3.602788006450815,5.3009028189117835,6.0528304891933855,4.211171934785741,6.19192731132468,5.484116995107025,1.505111661640526,2.074263273940772,6.202685852231824,25.159804325209585,24.60783033937489,25.62081306224384,25.248318443775645,25.439528128384147,24.81963678446104,24.464452763287305
60,1.8542908458203406,1.599927535753411,3.5087912802283223,3.8904164056656536,2.730198490334751,4.092406934720962,3.8623691515197405,1.960305365730033,5.489124294422255,7.368544545865546,4.495707057222642,5.508704181359124,5.801107255450886,7.653804140408177,3.0805394804890116,6.199541709133253,6.539182389369879,8.260495032601078,6.2858955562462455,6.912729027446448,8.563935700359725,26.28998413953787,25.755156725581976,26.77417975502045,25.538964214443,25.958250037112823,26.5462648343323,25.756088148894825
61,6.2762222480164755,6.850489515328856,3.7862888798654932,6.928486113799478,2.659610949860419,6.041205629708989,7.712236803787626,5.023990623180288,5.657559917431358,3.22837630078526,3.983588363808525,2.317570401830224,3.6371511692970144,4.466544272792202,6.920176194212616,5.679945364168374,7.499208874088393,5.47483983489254,3.016229802464903,4.454601629751371,3.3386578013159474,25.131773834971096,24.925210145308075,25.16219366396707,25.404870073088215,25.52985246381839,25.5554104288866,24.737384281454023
62,6.533453431231537,5.849900066834596,6.174119955548411,5.442201596690223,4.5001670657849795,1.2913374889352782,5.520942754966703,3.279072829908724,8.396683032029065,6.273517905893889,2.15476755147529,4.507844967314953,4.991877899866963,4.321551237892719,4.106907078557629,3.026129278816165,2.076774023865094,6.719207190081333,4.949812990370768,6.009742575614793,6.95413872304144,23.895654836989685,23.080839037796395,25.011373506080556,24.106141069650427,25.029572250892485,24.284540349916846,24.249778206476964
63,6.661367601103123,6.166284443613949,6.022705699760462,1.429713378182726,5.029249160499776,6.194553850536318,6.084296254742374,1.3797880312584356,6.552034844038953,6.691595745129337,2.1998970977697714,7.4504916219325805,5.295978770240683,4.764414849075661,3.3753332096037436,2.5685235059854628,4.259588587482879,7.428953168543457,3.8758119026298847,2.8482766699145676,5.394856920786861,26.04662713870265,25.19728649515019,25.60881917575186,26.543786940394355,26.277161875700596,25.687862775746783,25.42272844104791
64,7.822192603018666,5.050775015494418,3.1924923497869986,3.2799429123321913,3.4491303709932954,7.059478571036004,5.154254908591741,3.662151078199745,3.2223269606224445,4.247540663779902,3.795763383367652,7.185666129979389,5.77645628148978,6.127305224290843,2.5608047442869055,3.062753245722246,6.186514202214629,5.603257310959698,5.845677332581655,7.76698380440405,3.573150753643999,25.817589837728786,24.87628812244951,25.089947084238243,25.558058775676233,25.691680620157175,25.649391459483923,25.33888766824096
65,3.2362081956378326,5.962784645148017,6.351940927354667,3.502739178607885,5.528593737521798,8.038250234872631,6.337828810041045,5.304082470271677,7.5287976255940725,5.000402385419725,0.7670422601807441,3.5898582134986294,6.441415480278859,6.342335638161987,2.9834338327601775,2.2430669077311864,2.5964255315119904,5.6148365552441755,6.801799869229852,4.949904522385225,1.1267487054824787,25.79378100562646,25.277982554613406,26.67468737812297,26.001884022010767,26.89051365253085,26.428217697755873,25.58485776127865
66,3.4391481838879976,6.981806440278375,5.479737908506752,8.37279193221328,4.415708704804173,2.3337691276535977,6.5123255500077635,2.3045749943590423,9.159205320350344,7.209024410641232,1.5768870894599227,3.1560607968562993,7.352297010897863,5.464111875162037,7.119895298286422,3.530555273392911,4.010440148924797,1.6625112565562545,4.855479160128497,2.853188704438094,5.327917500500788,24.21032383133699,23.59323216246769,24.305296265069483,23.860024664082033,24.268809307759838,24.401852953378967,23.143678565367477
67,4.670011662120613,5.028762892184031,7.810837123971737,4.46191970460829,5.281946682154871,4.725846868509736,1.7736410929253343,4.432567282240805,6.573453407323635,6.47138529372114,4.5811501579665475,1.8541205151732274,6.587160303595216,6.445870978989013,0.44901231764254557,3.572551488685173,7.209410565987707,2.8232561948895127,6.5895718269360435,4.215081318845628,3.7661235097532755,29.0219749028936,28.815921507287804,29.851820089533827,29.28294070778157,30.729861830539537,29.42054308664433,29.291929366036843
68,2.247917226385856,8.150011911252781,4.80849564744865,7.7496177084108195,6.242181125971419,3.487445856628968,5.749240255937687,3.830283375726651,6.499731889766822,7.142373248658877,4.643471844429572,2.5221633251535867,5.325707029803756,4.321041935904911,3.2824783511451434,2.1138475025906445,5.393036328979558,3.8137691483677028,7.225428705301787,6.374510598840051,2.7756615234260122,26.06341884683656,26.012688423393488,26.182711063322703,26.108359220492332,26.218459791193645,26.75880469252278,26.046164906261474
69,4.00502636252305,7.167590192111408,5.726538334794369,0.8109121948996039,3.2438743388761506,2.563231463396551,3.4407296307505506,3.658493722201286,6.601082291994894,5.11196026939685,4.491508861219878,0.9452169105009768,3.0926982025175493,2.0352739888429503,3.819871215057248,6.33142440208098,7.398130704534728,6.6558827201512525,8.475093926443193,4.837788759540604,7.033583383639535,24.36079605436842,23.93915764621494,23.64140923580857,24.068975836145796,23.907374267330134,24.3545651712109,24.107375155012154
70,6.171979490458383,5.693314703450011,7.918297500882853,6.421117708988824,1.7843995150769103,2.540773795343845,7.025657240339853,4.258377281636387,8.103592225024636,6.496448895201026,1.4587811909091912,4.759896421106513,4.240173886753161,6.653396398271297,6.3178051606712184,1.4154085767630344,2.833674151494388,3.7067353088242614,2.8913219620257933,5.880491585860226,6.930203757629434,26.654813098058483,26.892944448977392,27.004453919654104,26.448020612540244,27.283479312926318,27.50354825396442,26.310997520885664
71,6.191134395986511,8.030216291500647,6.249894526079501,4.525592889098536,7.693084545576391,2.847386365191208,7.196088609399197,4.958996434377657,4.320456235484761,5.3202488288406125,1.8429513945123255,7.076383891487026,7.335492629709185,6.460513133183883,3.2606939409209397,3.9859779305608036,4.990893153932551,7.429051465473476,3.666731989388589,5.42523181833168,1.2328575098700234,25.09245434252915,24.243588282017747,26.180078548106913,25.37597405273716,26.233537442878042,25.431056687332617,24.46241357432876
72,7.22910218932475,6.640075194681548,3.713390172390448,5.464605299610212,3.0488004025883737,6.5289659595687075,6.361629239108298,4.444896730186847,7.98377041504041,8.026938906200563,2.614525685666389,6.78052641267283,5.125503382593975,1.1732183299850176,7.275171016469864,2.0697687583172897,3.5007882047408954,4.732437006273449,3.2242905078365416,1.9199066756550884,6.5086197175285605,24.11570294042925,24.4371252301234,25.122140991672495,24.550588488200024,24.396276410636013,24.102179386432866,24.22228513335127
73,2.8917442142113705,5.935795262536969,5.183905774358571,7.299204189286623,3.133733240735601,2.39555616249399,7.273597508499763,2.08921729416412,7.479685746715713,8.714506310793517,1.0968562137133555,2.896031916045214,5.636431002446455,5.280062073791986,6.2317253569394735,2.2336962925755635,1.268135357573278,3.912985314488886,7.027373500589635,6.024236944512862,8.282691053144147,24.91308062610482,25.1073824274596,25.032149619661627,25.162351354989294,25.682023764463498,26.226360472925258,25.60004407876894
74,3.3386995143059015,6.024815554600045,8.118904091333418,7.351469275250826,3.315867428583741,5.331154573810702,8.268047116252392,2.3581347269207837,7.712606671300463,8.62984945072679,2.3341145830286867,3.4848903302549683,4.9771130983538265,6.7768825053647666,5.348912197685667,2.92016874763219,2.6816365587930906,0.9850758064128474,4.022133771856524,5.923971810959376,8.017723929769103,25.227757221325895,24.388647080477917,24.41890223376078,24.31081307512112,25.836707370321598,26.01483560426326,25.019190971999162
75,2.9174741826854333,3.5939612802021523,4.050112016093604,4.15078159658781,4.4124976259924855,2.8317331511277715,4.274215956971693,6.900152276124874,7.585190035055591,1.9801508006788002,6.662134950695335,4.186834181895117,8.227814133401065,3.698947863492344,5.5202280681095,8.819143145532033,4.36778398552969,6.276237830652107,7.7216908161252364,5.17752336577332,3.5048019905369645,25.29686996710135,24.862665344206476,25.689928012798703,25.21336203627694,25.683173225514068,25.562531873492826,25.93744513704281
76,7.579709790742352,3.5192526241568802,6.783424845373287,3.5075607017954664,5.921520856773777,2.869162774325549,7.225212868515469,6.575486288807649,5.995514176068386,5.269653790709533,4.343662690815862,7.206842321624815,6.718026974100395,4.922476979292141,1.1075624554111345,2.0187564439510965,5.801387537510037,7.034170127168851,7.621368456086896,4.617556637736418,2.427132416836626,25.999581242344416,25.82589270822448,26.604847096006417,25.61850515084422,26.71854549465333,25.27379604941211,24.771865269393558
77,5.116158345816609,4.014118601477983,3.2670814704826507,5.103395044756683,2.1772878206271984,2.7114795241623564,6.399693910594432,3.2323448051006562,4.35584212895601,6.7542950290702235,3.3383916090637538,4.638245353757025,4.921004738231967,2.028902734374726,7.931268544169202,5.15521323887559,3.1422878598368027,8.21119466217959,7.117010694966307,6.009421352736883,7.033772959891173,25.840481666523683,26.091923542023626,26.90781312648308,26.09167010314867,26.579935311881517,26.806267527284575,26.141284032844833
78,7.379491721084274,6.702483797217526,7.253429081624541,7.906203233687786,3.489795918239013,2.226130160488588,5.242265701859552,1.839821492636016,1.9468046855001375,3.254531734596278,6.220546858560352,2.9399374244855636,5.579094978288942,4.715386830866892,7.507229692246012,7.185371723238918,5.339322366282329,6.009135720581353,2.970405871202218,4.450723907593368,2.9925108151851894,26.28673296493816,26.09764184920134,26.62760013243219,26.227908301773233,27.345475394095665,26.785629393947616,26.307848594158326
79,4.917101230365131,3.6223360908613405,5.347658001469302,5.797933475661116,7.838196618516922,7.153043994058194,4.735554322764058,3.8422043488892084,6.496564582457586,3.644197883067469,1.0373719027216362,4.450266792123663,4.644276518037505,6.227954739034855,6.187101043323681,1.4447052748752576,0.8215293879865447,5.631174253036444,3.3933561959849627,5.712741714850503,6.517077421158916,24.05539958292392,24.14029544813025,24.878913958218515,24.93105034271414,24.858634452115247,24.275526307103622,24.430124579043028
80,5.76955413087147,5.5459588304066445,6.056493851324045,2.555558423553521,6.229080325671993,1.2749245099611577,4.3479540121100815,7.3193435113602066,5.090201822889352,4.57618665200842,6.195302306625711,2.522693201868611,4.523003964880887,3.7950937465368635,5.10511780998324,2.551931445852357,7.654321453887668,4.9848522927286245,3.747914020083791,6.236051188869031,6.640665909198858,22.451518509543135,21.572124361519766,23.1017153117308,22.816731076567468,23.55233647214021,23.645876868165487,23.014125256666848
81,3.738013826500564,3.779636599128967,6.8025668354187205,5.845105642235468,3.8300682337898704,7.1624681252905615,8.818324847283847,3.600119655461531,7.475936358913723,7.979792747740014,2.4633202520372848,4.882791264129035,5.971518395621432,8.726580973206685,5.445221724621438,3.113573846234272,0.9824854424654469,3.8913021713403997,3.0576322602370047,5.860431290619821,5.4626938311950894,25.736036127733616,24.29689396577654,26.324484498922544,24.624316109751238,25.386058261741677,26.196274682084685,24.387823894022805
82,4.74400553476639,3.335477529368716,6.275418404971994,3.720268983941898,2.010005656283405,8.387651670144136,7.9320728858816345,6.571195685198351,6.8732800628462885,8.861157394751281,1.2968554346275527,4.879357924828065,3.2600719702533634,6.184185700215043,4.038644127592216,2.174604875624729,1.637589641702278,6.2358097389832166,4.64180765838674,5.507153464592314,3.4834961487331184,26.87564473214276,28.133235740317236,28.28193861064863,27.658344864268912,29.229535253887683,28.159011580570336,28.530146818449907
83,7.648642891297338,7.907268096723845,3.1047180743570553,6.323055243595406,7.205820975045826,5.341783761655831,1.7791923356255954,5.923424942487605,5.8570299181883385,3.7290815000828283,6.060569270555741,1.7334645487544522,7.257029873085789,4.014991881695221,1.600973864683285,4.285953855723153,5.352688256557769,4.734030299661277,3.240326400294905,3.1742104883152864,3.1841391864647006,26.798321019573873,26.15060787053124,26.95818399751564,26.36828006639549,27.412579714805872,27.09751926167375,25.91019167310436
84,6.390551711761511,9.212373260998914,6.242978523689767,2.6609514649448514,7.354507906190391,1.0240751471591139,4.69665049064354,7.7262916054100685,6.7466474083470445,4.828863806441424,3.9171298273186297,6.046710251844564,5.5224872866424,6.19620049370268,2.045357527488229,2.2701467986292556,1.6798600533289474,5.792501075477754,7.5616898372313965,5.736387110152051,1.4072074700937538,27.01332009600782,27.07477480437681,27.97926772505856,27.385411060359193,27.096035133560978,27.522070525556384,26.790261906949322
85,6.766139821335976,4.776646234550903,6.864867520391067,6.356974564214721,2.225671579504223,4.950017048494091,4.698340264687116,3.9113630439081235,5.011245638597918,8.888495372603964,5.152550795416541,1.8501514211929395,0.3939053654682378,3.9196331084897156,4.99220911036977,4.768821456647776,0.8979021677474607,6.485634655838308,4.378449342031016,6.242759497415618,6.565309717503078,27.021416194714664,27.003664324116976,27.547676567552216,26.91502613979256,27.841035942381776,27.32472417180494,26.44765078277862
86,8.246835234952567,6.063366797637659,4.264222712167852,4.103997289472067,4.250506620692973,5.191537555802546,6.12189158886085,1.8964872434525255,6.39764972574949,5.276466132405277,3.607113301364926,5.062569421329606,2.5539906712397897,1.1064856862124783,4.257424322457347,4.3777370067542085,5.651862479326315,8.398423624479996,4.236306724540426,3.5628248388778108,8.365318732578979,23.830192548374356,23.945317882589716,25.258181285555846,24.000922073448216,24.26004946662891,24.488781139682665,24.244233521761664
87,4.230005928753932,6.24539387682863,6.236292356489992,4.32585243303144,6.0338930310097805,2.468522160160242,2.2320315165434783,5.3819076518835365,8.035225221273375,4.5058663285055,3.590377456135454,1.763284409503496,7.196033295089165,4.159680733242031,0.9953043545576579,4.82611518340828,7.58380341067068,3.4433962738955577,7.026100575707881,1.774873896867572,4.892011633535305,25.07434973056325,25.243386624834567,25.443376298420198,24.860139579804386,25.471988758735048,25.67356446116492,25.483116787191364
88,4.333263650810761,2.764562429188829,3.0971632708085277,2.6543143145176686,2.1930465660926877,4.933649461112871,6.036938119197565,2.884199072933419,5.077910330505862,5.142847437638149,5.828771823053167,8.332676066654999,6.227085083402083,3.449418173243501,7.3632227508577595,6.102419232851692,5.6410930941450195,4.3039455849336115,3.299386201886302,3.945521761165077,8.154128710502228,27.17366749790675,26.42725638643127,27.81448758795464,26.933767116255037,27.379799360858474,27.691981514475284,26.690855398507527
89,3.864811675590837,5.673215045801326,7.372606627773003,4.370239216605128,3.5066900930591265,5.898471812795112,7.580869044991377,2.7578831492261258,7.891093190439244,8.176070122199006,3.388936704032912,5.072232877458668,4.573437886917121,5.033880781583749,3.352217492122357,6.251870263016345,3.885936935756669,2.562750326787254,5.3771555653789465,7.997699649905242,8.201427093054857,24.455232945860004,24.627864070107826,25.44738826866408,24.33673549019282,25.295234080548198,25.343763454249974,24.133924963665024
90,7.15848813780844,5.493106396935958,4.727662175503792,3.4038835558534757,6.52485282699381,2.629674071069081,7.7602363485184656,5.635668517950567,8.5483771272385,5.347314413728403,3.262681677656093,7.238543186802094,2.5927189050818336,5.448959797629403,6.596158233415683,4.485522386699191,3.6704238615180014,3.5232179986810612,4.998237937358052,1.456219248261251,4.809889987910178,24.708865251408245,24.626530363563806,24.775358557996867,24.66516759637139,25.172842725727367,25.336465865072736,24.115305948267977
91,6.1699664664691385,5.813850442853588,6.438090004937286,5.142293949236696,2.098413112580826,0.7407188499585488,4.525532540644401,2.838666548089901,5.966928391980986,4.131853959642501,0.7515868702838503,6.474680514234934,6.279416622155112,6.684254804823744,5.057536377584732,6.573940832560677,6.744079240314793,6.368676678541716,7.949714464541018,5.86805400288655,2.1051382943151977,27.778961182650704,27.22689084150423,27.279075636859975,26.974698876229663,27.399752587508928,27.196415556781737,27.02361255674261
92,6.033553046740414,4.251792781356064,3.018809385445809,1.3472578417005365,2.4972901457779275,3.2883064225702987,4.951757588665548,1.670913355195702,3.4026402067088113,2.3890727092257835,7.583769395673275,3.3794399684276453,5.150412733555213,5.771767145206735,6.261166261453602,6.714947270421759,6.530895264413623,8.207923277410446,8.143937895096233,7.597103698552798,5.807153927785276,26.71322507454325,26.453432690616015,27.149233314472458,25.89082827876718,26.930720045251682,26.128906807530058,26.64050348273405
93,4.994274370865031,5.887334675680898,4.00802504847276,4.6676251785221625,1.882802995711432,1.9822207409158243,6.570534228735862,1.9870913259196539,5.991703544731401,4.661443507270296,2.1444634950431687,5.696900074842384,7.056498875391928,5.408076633716005,6.761984042924573,7.62574597294156,5.537266676458429,6.372277574648287,5.434014181682978,4.478455397313228,1.3333659083272316,24.130246631540093,24.074113477006225,23.964216398529093,23.65760421372274,24.0482113828318,23.467209110520397,23.461415426286322
94,5.542795874476957,8.256223048918432,5.360117046436043,6.079587151681957,4.426020892647267,2.354388480592532,7.999684245648962,2.962361200923356,7.118368340509382,5.926955570433208,3.2200432144972715,2.749939182100566,6.629510676676752,3.7847600274438906,7.58523772381044,4.747224831664596,6.335557909325043,2.9369522312610967,1.9679352125746097,1.0163238042703302,6.142799293128524,26.274700650345014,25.625155714759636,26.23209015103507,26.501076368066652,26.09040071077205,26.3865328655064,26.347710070311305
95,2.0149495437465945,6.909267337719135,1.8367669418532593,1.4045612063592998,5.389213329491256,1.5323336169722002,2.566666064712931,5.440155622350008,7.5573425867325374,2.1717298458586045,5.081848580602085,3.5444689783583714,1.9972524316152762,3.5128443693226,5.604085434633592,7.55367138720596,6.789924482266767,7.687752538514083,8.53612869507709,6.252581591253096,7.022315546339382,24.836480157148742,23.590672107311658,24.084527078222646,24.64442881459887,24.56583699549518,24.887486969239898,25.102362642053937
96,6.760282034875098,4.4228991774753625,1.521152909827741,6.405993144550347,3.913417805694107,6.728504199257896,5.072541727646175,5.257708597252341,7.0071438350117345,5.273865148988513,5.411674070972253,6.6134694452065155,7.3713022227547835,4.021344067404167,2.3599787675991095,5.343532690197689,0.511002848379356,6.910524057450132,4.56510080277881,1.5511764506595287,6.458900835469906,25.996688158208,26.979231096156493,26.78993727082615,26.573985519655498,26.913734044813197,26.70746341427613,26.515072737280903
97,8.769738506315912,3.8693668961789345,4.953330761565994,6.454874000798329,6.84477517284857,3.902409792135157,8.426603137212988,3.8573094837601674,8.415673824577938,5.879670335114393,4.113958310218223,5.2024783440557325,4.5733571420187165,1.7686480165039125,4.508975603030315,1.7672747013542982,3.065754255376501,5.72346567022849,2.847008305674391,1.9049604697707834,5.813111737912718,23.928794422403634,23.861927317385693,24.994883372898958,25.08990693598302,24.629106139125618,25.749201501168482,24.17783719093191
98,4.117692755834224,8.394760543753133,5.092706799237631,3.993726356487781,5.431632906465257,2.0404511878853135,4.540722650256177,6.596591142803212,6.191741693600056,6.502076944207893,3.3005073962969873,4.115118359595538,6.0691917486966025,5.947078048800496,1.1750463990966036,1.9601879248654643,4.9443290195873235,5.808947039403706,6.562104911793592,7.755359375862986,1.4010754772495517,22.882588054644543,22.98241948170027,24.24243662790504,23.635443363440327,24.271333701824986,23.883114487692573,23.39675852891525
99,5.700816043608561,1.061341162535834,1.132792682775634,7.462182013824087,4.694120015140903,4.781174828992464,5.012131089431,0.3332824019681219,6.741976857972949,6.655795261882864,1.9782627423122807,5.521027943625789,1.9114747756438772,1.7027335788350064,5.942707640646943,4.569688796446852,6.4161573384542505,8.709470771127764,6.472432568164543,6.244161898197814,5.968459469427864,23.84167615962808,23.60852899341082,24.831303300348456,24.02480708152158,24.23647327327746,24.34798431735319,24.261683803543203
